<DATE>,<TIME>,<OPEN>,<HIGH>,<LOW>,<CLOSE>,<VOL>
20120711,000000,96.7551020,98.1938800,96.6020410,97.8214300,4
20120712,000000,97.3112240,97.3112240,96.2398000,96.4387800,4
20120713,000000,96.5102040,100.2449000,96.5102040,100.0867400,5
20120716,000000,99.8520410,100.4438800,99.1938800,99.6326500,4
20120717,000000,99.8724490,100.4540800,98.6734700,100.4540800,6
20120718,000000,100.2397960,100.5102040,99.2295900,99.5816300,62
20120719,000000,99.6530610,100.2244900,98.4591800,98.7500000,83
20120720,000000,98.3979600,98.3979600,97.0000000,97.0663300,7
20120723,000000,96.9030600,96.9030600,95.2449000,96.4438800,9
20120724,000000,96.6581600,96.9642900,95.4642900,96.3979600,4
20120725,000000,96.5918400,97.3775500,96.4030600,96.8928600,3
20120726,000000,97.7704100,98.5510200,97.7295900,98.3775500,5
20120727,000000,98.4591800,100.9030600,98.3010200,100.2500000,4
20120730,000000,100.1734700,100.1989800,99.1581600,99.3724500,7
20120731,000000,99.3061200,99.5459200,98.8316300,99.0561200,4
20120801,000000,99.1275500,99.9183700,98.5102000,98.6071400,3
20120802,000000,98.5408200,98.5408200,96.1632700,97.1173500,6
20120803,000000,97.1581600,100.4234700,97.1581600,100.0408200,3
20120806,000000,100.5918400,101.3571400,100.4540800,100.4642900,0
20120807,000000,101.6122500,102.4489800,101.2193900,101.2346900,0
20120808,000000,100.6632700,101.7857100,100.6632700,101.2449000,0
20120809,000000,100.6122500,101.5612200,100.6122500,101.1887800,0
20120810,000000,100.2500000,101.3571400,100.2500000,101.2653100,0
20120813,000000,100.7806100,101.4591800,100.5408200,101.2653100,0
20120814,000000,102.0357100,102.3112200,101.0867400,101.3622500,0
20120815,000000,101.1071400,101.9846900,101.1071400,101.7040800,0
20120816,000000,101.9081600,102.2908200,101.1479600,102.0867400,0
20120817,000000,102.1938800,102.4438800,101.9693900,102.3265300,0
20120820,000000,102.2602000,103.1632700,102.1785700,103.1275500,0
20120821,000000,104.1785700,105.3265300,103.5714300,103.9387800,0
20120822,000000,103.4693900,104.4949000,103.1071400,103.5714300,0
20120823,000000,103.2193900,103.3673500,102.1632700,102.2653100,0
20120824,000000,101.8622500,103.0765300,101.7346900,102.6530600,0
20120827,000000,103.1020400,103.1989800,102.3367400,102.6683700,0
20120828,000000,102.3469400,103.3061200,102.2602000,102.4693900,0
20120829,000000,102.9489800,103.3112200,102.5306100,103.0918400,0
20120830,000000,102.5051000,102.5510200,101.7704100,102.2704100,0
20120831,000000,103.1530600,103.3214300,102.2142900,102.6836700,0
20120904,000000,102.8010200,103.0969400,102.1122500,102.6173500,0
20120905,000000,102.8928600,102.8928600,102.2806100,102.4795900,0
20120906,000000,104.0255100,106.0612200,104.0204100,105.9846900,0
20120907,000000,107.1989800,108.0561200,107.1632700,107.7806100,0
20120910,000000,108.0153100,108.3112200,106.6071400,106.6581600,0
20120911,000000,106.2398000,107.9489800,106.2398000,107.8979600,0
20120912,000000,108.8775500,109.0969400,107.9898000,108.4183700,0
20120913,000000,107.8316300,112.2449000,107.7755100,111.9591800,0
20120914,000000,113.3214300,114.5153100,112.8571400,113.3316300,0
20120917,000000,112.2500000,112.6530600,111.0561200,111.2398000,0
20120918,000000,110.9336700,111.4489800,110.3979600,111.0918400,0
20120919,000000,111.2193900,112.3265300,111.0510200,111.4081600,0
20120920,000000,109.7398000,110.9030600,109.6020400,110.7346900,0
20120921,000000,111.6530600,111.6530600,110.0000000,110.1071400,0
20120924,000000,109.4285700,110.9846900,109.4285700,110.4949000,0
20120925,000000,111.0408200,111.3775500,108.9285700,108.9285700,0
20120926,000000,108.4285700,108.5357100,107.6071400,107.9795900,0
20120927,000000,108.8775500,109.6734700,108.3520400,109.1275500,0
20120928,000000,108.2346900,109.1377600,108.1428600,108.4949000,0
20121001,000000,109.9949000,110.4387800,108.8826500,108.9336700,0
20121002,000000,109.4540800,109.4540800,108.6989800,109.2908200,0
20121003,000000,109.3316300,110.8673500,109.0102000,110.5612200,0
20121004,000000,111.4234700,112.8673500,111.0051000,112.8265300,0
20121005,000000,113.9336700,114.1989800,112.0102000,112.5000000,0
20121008,000000,112.0255100,112.5255100,111.7959200,112.1836700,0
20121009,000000,112.5765300,112.6428600,110.7806100,111.1734700,0
20121010,000000,111.5816300,112.0357100,110.7398000,111.6785700,0
20121011,000000,112.8928600,113.2295900,112.0306100,112.2908200,0
20121012,000000,110.4183700,112.2142900,109.1683700,109.6938800,0
20121015,000000,110.1938800,111.1938800,109.7449000,111.1377600,0
20121016,000000,111.1173500,111.8979600,110.3163300,110.9183700,0
20121017,000000,111.6020400,112.8163300,111.6020400,112.6122500,0
20121018,000000,112.8112200,113.0561200,111.8367400,112.3877600,0
20121019,000000,111.6734700,111.8367400,110.5510200,111.1428600,0
20121022,000000,111.3928600,111.4387800,110.3265300,111.4387800,0
20121023,000000,109.5867400,109.8214300,108.9234700,109.4642900,0
20121024,000000,110.3826500,110.3826500,109.2346900,109.4898000,0
20121025,000000,110.7908200,110.7908200,109.0000000,109.9642900,0
20121026,000000,109.3673500,109.9540800,108.3316300,108.8571400,0
20121031,000000,109.6173500,109.8112200,108.7091800,109.6173500,0
20121101,000000,110.0714300,111.7806100,109.3826500,111.7806100,0
20121102,000000,112.0102000,112.4949000,110.8673500,111.0204100,0
20121105,000000,110.3316300,110.9183700,109.5255100,110.6785700,0
20121106,000000,111.4336700,112.6173500,111.4081600,112.4438800,0
20121107,000000,109.4795900,109.7040800,106.8061200,106.8214300,0
20121108,000000,108.0663300,108.7398000,106.2908200,106.3010200,0
20121109,000000,106.0867400,107.6989800,106.0867400,106.4693900,0
20121112,000000,107.0714300,107.1632700,106.3316300,106.6632700,0
20121113,000000,106.0153100,107.2040800,105.4234700,105.4387800,0
20121114,000000,106.1326500,106.1326500,102.7806100,103.1479600,0
20121115,000000,104.0051000,104.5357100,103.1836700,103.6428600,0
20121116,000000,103.5459200,104.2704100,102.3520400,104.1836700,0
20121119,000000,106.4132700,106.8061200,106.0663300,106.6224500,0
20121120,000000,106.0510200,108.1581600,106.0153100,107.4336700,0
20121121,000000,107.4183700,107.5663300,106.4642900,107.1887800,0
20121123,000000,107.6938800,108.7806100,107.6938800,108.7806100,0
20121126,000000,107.2142900,108.0765300,107.2091800,108.0765300,0
20121127,000000,107.8775500,108.4591800,106.8469400,106.9642900,0
20121128,000000,106.1836700,107.4081600,104.9438800,107.3775500,0
20121129,000000,108.2193900,108.5510200,107.6887800,108.0306100,0
20121130,000000,107.9030600,108.2040800,107.0510200,107.6785700,0
20121203,000000,108.3010200,108.3010200,106.7857100,106.8877600,0
20121204,000000,106.6938800,107.0918400,105.6887800,106.5459200,0
20121205,000000,107.9234700,109.6428600,107.4285700,108.9591800,0
20121206,000000,109.3775500,109.4438800,108.6683700,109.4183700,0
20121207,000000,110.3316300,110.7449000,109.4489800,110.7449000,0
20121210,000000,110.2295900,110.8418400,109.9336700,110.2653100,0
20121211,000000,110.8010200,111.5306100,110.3112200,110.6173500,0
20121212,000000,111.1632700,112.3112200,111.0000000,111.2091800,0
20121213,000000,110.9898000,111.2704100,110.4030600,110.5867400,0
20121214,000000,110.6887800,110.8316300,110.2295900,110.4795900,0
20121217,000000,111.3469400,113.7959200,111.2091800,113.7346900,0
20121218,000000,114.1785700,115.7142900,113.7857100,115.6377500,0
20121219,000000,116.0357100,116.3826500,114.7551000,114.7959200,0
20121220,000000,115.3214300,116.6683700,115.0612200,116.6683700,0
20121221,000000,114.9387800,115.3673500,114.2449000,115.1020400,0
20121224,000000,114.9183700,115.1020400,114.4693900,114.7500000,0
20121226,000000,115.2857100,115.5918400,114.4183700,115.1020400,0
20121227,000000,115.0510200,115.4795900,112.6734700,114.4540800,0
20121228,000000,113.8826500,114.4795900,113.2398000,113.5561200,0
20121231,000000,113.6530600,115.1581600,113.4132600,115.0816300,0
20130102,000000,118.3418400,118.5000000,117.4591800,118.5000000,0
20130103,000000,117.6989800,118.3520400,117.5510200,118.2040800,0
20130104,000000,118.0714300,120.0204100,118.0714300,119.9132600,0
20130107,000000,119.6377500,119.6734700,118.7704100,119.5918400,0
20130108,000000,119.1479600,119.5714300,118.4234700,119.2500000,0
20130109,000000,119.7500000,120.3571400,117.8673500,118.2704100,0
20130110,000000,119.0255100,120.3469400,118.8571400,120.2500000,0
20130111,000000,118.9898000,119.2959200,118.2346900,119.2959200,0
20130114,000000,119.2806100,119.3163300,117.8061200,118.6224500,0
20130115,000000,118.1785700,119.6938800,117.7398000,119.5051000,0
20130116,000000,119.1683700,120.2908200,118.8010200,120.1479600,0
20130117,000000,119.8469400,119.8469400,118.7142900,119.1530600,0
20130118,000000,119.1683700,119.4489800,118.0102000,119.0102000,0
20130122,000000,118.8724500,119.7500000,118.4693900,119.7500000,0
20130123,000000,119.5918400,119.7500000,118.8673500,119.5408200,0
20130124,000000,119.5561200,121.1224500,119.5561200,120.2398000,0
20130125,000000,120.3979600,121.1377500,120.0255100,120.8214300,0
20130128,000000,120.7398000,120.7602000,119.5765300,120.1071400,0
20130129,000000,119.8979600,120.6122500,119.8469400,120.4234700,0
20130130,000000,120.2653100,120.3826500,119.5663300,119.9336700,0
20130131,000000,119.7142900,120.0867400,119.1479600,119.7806100,0
20130201,000000,120.3520400,122.0612200,120.3520400,121.8775500,0
20130204,000000,121.5816300,121.5816300,120.1122500,120.3775500,0
20130205,000000,121.0765300,122.7193900,121.0663300,122.3163300,0
20130206,000000,121.6683700,122.6173500,121.4693900,122.5969400,0
20130207,000000,122.6479600,122.8418400,121.1224500,121.9642900,0
20130208,000000,122.1836700,122.3724500,121.8571400,122.2449000,0
20130211,000000,122.1581600,123.3418400,121.9591800,123.0153100,0
20130212,000000,123.2244900,125.0000000,122.7959200,124.7602000,0
20130213,000000,125.0918400,125.1173500,123.2602000,123.7806100,0
20130214,000000,123.3367400,124.3367400,123.1836700,124.1377500,0
20130215,000000,124.4081600,124.4438800,122.9795900,123.4693900,0
20130219,000000,123.7091800,124.7857100,123.7040800,124.3979600,0
20130220,000000,124.3010200,124.4183700,122.2755100,122.4081600,0
20130221,000000,122.0969400,122.1530600,120.7602000,121.2346900,0
20130222,000000,122.0255100,122.4591800,121.4234700,122.4540800,0
20130225,000000,122.7142900,123.1479600,118.9183700,118.9795900,0
20130226,000000,119.4387800,119.9132600,118.0459200,119.3673500,0
20130227,000000,119.4540800,121.7602000,119.2653100,121.4438800,0
20130228,000000,121.2704100,122.3112200,120.7806100,121.1479600,0
20130301,000000,120.5000000,122.2398000,119.5561200,121.6326500,0
20130304,000000,121.3163300,122.8673500,121.2449000,122.8316300,0
20130305,000000,122.9387800,124.4846900,122.9387800,123.4285700,0
20130306,000000,124.1938800,125.2806100,123.9387800,124.9030600,0
20130307,000000,125.1020400,126.7040800,125.0765300,126.5663300,0
20130308,000000,127.3163300,127.5612200,125.9336700,126.9795900,0
20130311,000000,127.0816300,128.6020400,126.7551000,128.2959200,0
20130312,000000,128.0510200,128.2091800,126.8061200,127.2193900,0
20130313,000000,127.2755100,127.5867400,126.8061200,127.4846900,0
20130314,000000,127.7244900,128.5051000,127.7244900,128.4744900,0
20130315,000000,128.7908200,129.5867400,128.0357100,129.4336700,0
20130318,000000,128.3163300,128.7040800,127.1479600,128.1530600,0
20130319,000000,128.8316300,129.2806100,127.0459200,127.8214300,0
20130320,000000,128.6683700,128.7500000,128.1224500,128.1785700,0
20130321,000000,127.7091800,128.2142900,126.4693900,126.5714300,0
20130322,000000,127.0153100,127.3469400,126.3214300,126.8775500,0
20130325,000000,127.4949000,127.8061200,125.7142900,126.2602000,0
20130326,000000,126.3622500,126.9030600,125.7398000,126.4949000,0
20130327,000000,125.8673500,125.8673500,125.0816300,125.5663300,0
20130328,000000,125.6020400,125.8367400,124.8520400,125.3316300,0
20130401,000000,125.2755100,125.8367400,124.5204100,124.8520400,0
20130402,000000,125.2500000,125.4898000,124.7806100,125.0765300,0
20130403,000000,124.9183700,124.9489800,121.9030600,122.4183700,0
20130404,000000,122.4081600,123.8061200,122.4081600,123.7908200,0
20130405,000000,122.3826500,124.0255100,121.7653100,123.8112200,0
20130408,000000,123.8775500,125.0408200,122.9285700,125.0357100,0
20130409,000000,125.2857100,126.3622500,125.0459200,125.7040800,0
20130410,000000,126.0255100,127.5102000,126.0255100,127.2244900,0
20130411,000000,127.1275500,127.7959200,126.3469400,127.0408200,0
20130412,000000,126.5000000,126.6479600,125.0816300,126.0102000,0
20130415,000000,126.0714300,126.8979600,123.6071400,123.6632600,0
20130416,000000,124.6479600,125.7142900,124.0510200,125.5969400,0
20130417,000000,124.5153100,124.5510200,121.5153100,122.6683700,0
20130418,000000,122.7500000,122.7500000,120.7244900,121.5357100,0
20130419,000000,121.7755100,123.0102000,121.5612200,122.8928600,0
20130422,000000,122.9387800,123.3265300,121.8367400,123.0561200,0
20130423,000000,123.2398000,125.4540800,123.2398000,125.3775500,0
20130424,000000,125.6479600,127.0765300,125.6122500,126.8418400,0
20130425,000000,127.3010200,128.4540800,127.2091800,127.5510200,0
20130426,000000,127.4591800,127.6581600,126.6275500,127.3112200,0
20130429,000000,127.5816300,127.7653100,127.1683700,127.4489800,0
20130430,000000,127.4030600,127.7295900,126.5459200,127.4489800,0
20130501,000000,127.1785700,127.1836700,125.1632600,125.4183700,0
20130502,000000,125.4949000,126.1479600,125.0714300,125.9795900,0
20130503,000000,126.8418400,127.5561200,126.1734700,126.5969400,0
20130506,000000,126.8979600,128.6326500,126.8928600,128.4898000,0
20130507,000000,128.9234700,130.5510200,128.4438800,130.0612200,0
20130508,000000,129.6275500,131.6734700,129.5714300,131.2244900,0
20130509,000000,131.1581600,131.2091800,129.6071400,129.8877500,0
20130510,000000,130.0204100,130.4591800,129.6479600,130.2857100,0
20130513,000000,130.0561200,131.1275500,129.6938800,130.8673500,0
20130514,000000,130.9795900,133.1887800,130.9795900,133.0969400,0
20130515,000000,132.9234700,135.4132600,132.8826500,134.9285700,0
20130516,000000,134.6938800,135.7551000,133.9898000,134.2704100,0
20130517,000000,134.6020400,136.4489800,134.6020400,136.3622500,0
20130520,000000,136.2653100,137.6479600,136.1122500,137.0153100,0
20130521,000000,137.1377500,138.3418400,137.0816300,137.7091800,0
20130522,000000,137.8724500,140.2959200,136.3163300,136.7142900,0
20130523,000000,136.5663300,137.1071400,134.3418400,136.0918400,0
20130524,000000,135.5051000,136.6122500,135.0765300,136.6122500,0
20130528,000000,138.0714300,139.1734700,137.5612200,138.3163300,0
20130529,000000,137.7244900,139.3826500,137.1683700,138.8010200,0
20130530,000000,138.8418400,141.5306100,138.6632600,140.9234700,0
20130531,000000,140.9081600,141.2091800,138.5510200,138.5510200,0
20130603,000000,138.7398000,139.1938800,135.7142900,138.5306100,0
20130604,000000,138.5663300,139.8673500,136.8622500,137.2244900,0
20130605,000000,136.8367400,137.6224500,134.2500000,134.8673500,0
20130606,000000,134.5408200,136.5918400,133.6224500,136.5918400,0
20130607,000000,137.0765300,138.6836700,136.7295900,138.4591800,0
20130610,000000,139.0612200,139.5459200,138.1887800,138.8673500,0
20130611,000000,137.8469400,137.8775500,136.2500000,136.4438800,0
20130612,000000,137.0000000,137.4285700,134.8724500,135.3418400,0
20130613,000000,135.0765300,137.4846900,134.8673500,137.3520400,0
20130614,000000,137.1377500,137.2500000,134.8367400,135.0510200,0
20130617,000000,135.7193900,137.0153100,135.5000000,136.1989800,0
20130618,000000,136.3061200,137.5357100,136.2806100,137.1887800,0
20130619,000000,137.1122500,137.9438800,136.0867400,136.1122500,0
20130620,000000,135.3979600,135.3979600,133.5102000,134.0000000,0
20130621,000000,134.4234700,134.8826500,132.5153100,134.1071400,0
20130624,000000,132.8622500,132.8622500,130.2398000,131.3265300,0
20130625,000000,132.5510200,135.0102000,132.5510200,134.3214300,0
20130626,000000,135.0255100,136.1683700,134.7806100,135.5969400,0
20130627,000000,136.5102000,137.8265300,136.1836700,137.4234700,0
20130628,000000,137.1632600,137.3367400,135.9693900,136.5357100,0
20130701,000000,137.1275500,139.0204100,137.0765300,137.2091800,0
20130702,000000,137.0459200,138.9183700,136.6683700,137.4949000,0
20130703,000000,136.9744900,137.4387800,136.0102000,137.3061200,0
20130705,000000,138.2908200,140.2959200,138.2908200,140.2908200,0
20130708,000000,140.9949000,142.4387800,140.9949000,141.9642900,0
20130709,000000,142.2449000,142.8826500,141.1581600,142.8061200,0
20130710,000000,142.6173500,142.6173500,140.7857100,141.4132600,0
20130711,000000,142.3775500,142.9132600,140.2755100,141.3928600,0
20130712,000000,141.8214300,143.2959200,141.6785700,143.0663300,0
20130715,000000,143.6377500,144.4132600,143.3775500,144.1938800,0
20130716,000000,144.2755100,144.6887800,142.6581600,143.6377500,0
20130717,000000,143.8265300,145.3112200,143.8265300,144.6581600,0
20130718,000000,145.0969400,147.8571400,145.0969400,147.6071400,0
20130719,000000,147.4642900,147.7908200,146.7959200,147.6581600,0
20130722,000000,147.8775500,148.8877500,147.2704100,148.8775500,0
20130723,000000,149.2653100,149.3316300,148.5714300,149.0561200,0
20130724,000000,149.3877500,149.5153100,148.0816300,148.2857100,0
20130725,000000,147.6734700,147.9132600,146.6020400,147.8877500,0
20130726,000000,147.0204100,147.2755100,146.1836700,147.1479600,0
20130729,000000,146.8163300,146.8163300,145.4030600,145.9132600,0
20130730,000000,146.3367400,146.8724500,145.5612200,145.8928600,0
20130731,000000,146.6683700,148.2346900,146.5255100,146.5408200,0
20130801,000000,147.4387800,149.5561200,147.4387800,149.1785700,0
20130802,000000,148.8826500,149.2193900,148.1836700,149.1530600,0
20130805,000000,148.9387800,149.3520400,148.3826500,148.6836700,0
20130806,000000,148.4285700,148.4285700,146.7398000,146.9489800,0
20130807,000000,145.9591800,146.0969400,144.8622500,145.7244900,0
20130808,000000,146.8010200,147.0051000,144.6938800,145.8724500,0
20130809,000000,145.6020400,146.2142900,144.7346900,145.1122500,0
20130812,000000,144.5714300,145.0765300,144.0051000,144.6683700,0
20130813,000000,144.8418400,145.9744900,143.8469400,145.3877500,0
20130814,000000,145.5204100,146.4898000,145.1989800,145.2040800,0
20130815,000000,144.6938800,144.6938800,142.9489800,143.5306100,0
20130816,000000,143.3367400,144.5918400,142.9132600,143.4795900,0
20130819,000000,143.1581600,143.1581600,141.3112200,141.3214300,0
20130820,000000,141.1224500,142.9898000,140.8316300,142.4846900,0
20130821,000000,142.0714300,142.9438800,140.9081600,141.5714300,0
20130822,000000,142.0204100,143.7959200,142.0204100,143.2908200,0
20130823,000000,143.6275500,143.8265300,142.6530600,143.3265300,0
20130826,000000,143.2704100,143.9030600,142.1734700,142.1785700,0
20130827,000000,140.5510200,140.7653100,138.0459200,138.1581600,0
20130828,000000,137.6632600,139.4336700,137.3010200,138.3520400,0
20130829,000000,138.1020400,139.7295900,138.1020400,138.6428600,0
20130830,000000,138.8367400,138.8928600,137.3877500,137.9081600,0
20130903,000000,139.4030600,140.6683700,138.1632600,138.9489800,0
20130904,000000,138.8622500,140.4540800,138.6938800,139.8061200,0
20130905,000000,139.8826500,141.3673500,139.8826500,140.7295900,0
20130906,000000,141.1377500,141.3622500,138.6428600,140.2398000,0
20130909,000000,140.4744900,141.1581600,139.9438800,141.1581600,0
20130910,000000,142.3061200,143.2806100,142.1122500,142.9795900,0
20130911,000000,142.9336700,143.0612200,141.9234700,142.6020400,0
20130912,000000,142.7244900,142.9540800,141.1173500,141.3469400,0
20130913,000000,141.4132600,142.0408200,141.0969400,141.7142900,0
20130916,000000,142.2040800,143.7398000,142.2040800,143.0459200,0
20130917,000000,143.1377500,143.5459200,142.6785700,143.5102000,0
20130918,000000,143.3265300,145.8877500,143.0357100,144.5255100,0
20130919,000000,145.2346900,145.2704100,142.6581600,143.0459200,0
20130920,000000,143.1122500,143.5867400,142.4285700,142.5663300,0
20130923,000000,141.5000000,141.5000000,139.5867400,139.8826500,0
20130924,000000,139.6377500,139.9030600,138.5714300,138.5765300,0
20130925,000000,138.5816300,140.1683700,137.7959200,139.6938800,0
20130926,000000,139.7091800,140.6377500,138.5153100,139.2551000,0
20130927,000000,138.7857100,139.7091800,138.5306100,139.1479600,0
20130930,000000,138.1173500,139.1785700,137.0102000,138.4438800,0
20131001,000000,138.5204100,139.6275500,138.3520400,139.3418400,0
20131002,000000,138.5918400,139.5867400,138.0663300,139.1632600,0
20131003,000000,139.0663300,139.1989800,137.5561200,138.5510200,0
20131004,000000,138.6020400,139.9540800,138.6020400,139.9438800,0
20131007,000000,138.6377500,138.6734700,137.5612200,137.5663300,0
20131008,000000,137.4898000,137.9693900,135.9795900,136.0306100,0
20131009,000000,136.4489800,137.2857100,135.5867400,136.5561200,0
20131010,000000,137.1530600,140.5153100,137.1530600,140.4387800,0
20131011,000000,139.8673500,141.0867400,138.9744900,140.7908200,0
20131014,000000,140.1377500,141.9438800,139.6938800,141.6479600,0
20131015,000000,141.6224500,142.1632600,140.2091800,140.4540800,0
20131016,000000,141.2244900,144.0000000,141.2244900,143.7857100,0
20131017,000000,143.2857100,144.9540800,142.8010200,144.8214300,0
20131018,000000,144.7500000,145.3928600,143.8928600,145.1224500,0
20131021,000000,145.0459200,145.5918400,144.5153100,144.9438800,0
20131022,000000,145.1428600,145.6326500,144.7653100,144.7653100,0
20131023,000000,144.3775500,144.3826500,143.2857100,143.3673500,0
20131024,000000,143.3061200,143.4336700,142.3367400,143.0459200,0
20131025,000000,142.7653100,143.5867400,142.7653100,143.5255100,0
20131028,000000,143.5459200,144.1428600,143.1071400,143.5816300,0
20131029,000000,143.7398000,144.0765300,142.9183700,143.5204100,0
20131030,000000,143.7295900,144.4387800,143.1734700,143.3571400,0
20131031,000000,143.3163300,143.3163300,141.2857100,141.2857100,0
20131101,000000,141.2755100,142.2142900,141.1275500,141.7755100,0
20131104,000000,142.1020400,142.1581600,141.4183700,141.5765300,0
20131105,000000,141.2653100,141.6887800,140.8316300,141.2653100,0
20131106,000000,141.4540800,141.7755100,141.1530600,141.6173500,0
20131107,000000,141.9693900,142.2500000,140.0408200,140.0408200,0
20131108,000000,140.2142900,144.7704100,140.2142900,144.7653100,0
20131111,000000,144.6173500,145.0051000,144.0561200,144.8367400,0
20131112,000000,144.4540800,144.6734700,143.1275500,143.5561200,0
20131113,000000,142.8979600,144.9438800,142.3418400,144.9387800,0
20131114,000000,145.0000000,145.9795900,144.4336700,145.9132600,0
20131115,000000,145.9540800,146.9081600,145.8571400,146.6887800,0
20131118,000000,147.2908200,148.3928600,146.7959200,147.1734700,0
20131119,000000,147.2602000,148.8316300,147.1836700,148.0204100,0
20131120,000000,148.1428600,148.6887800,147.3010200,147.8265300,0
20131121,000000,148.1071400,150.7142900,148.1071400,150.3469400,0
20131122,000000,150.4898000,151.5102000,150.2091800,151.3724500,0
20131125,000000,151.5561200,153.0612200,151.5561200,152.2500000,0
20131126,000000,152.3673500,152.8265300,151.9234700,151.9234700,0
20131127,000000,151.9540800,152.6428600,151.9030600,152.1428600,0
20131129,000000,152.2040800,152.7295900,151.5153100,151.5816300,0
20131202,000000,151.7449000,152.7398000,151.0000000,151.1683700,0
20131203,000000,150.9132600,151.3367400,148.5816300,149.6122500,0
20131204,000000,148.5000000,150.7704100,148.4744900,150.1122500,0
20131205,000000,149.7449000,149.7449000,147.9949000,148.1734700,0
20131206,000000,149.3571400,150.5816300,148.9744900,150.1071400,0
20131209,000000,150.4591800,151.2244900,150.4591800,150.7449000,0
20131210,000000,150.5714300,151.3010200,150.2142900,150.2551000,0
20131211,000000,150.2295900,150.2908200,147.8826500,148.1326500,0
20131212,000000,148.1836700,149.3724500,147.9591800,148.6581600,0
20131213,000000,148.9591800,149.2142900,148.0816300,148.4846900,0
20131216,000000,149.0918400,149.8316300,149.0918400,149.3622500,0
20131217,000000,149.2295900,149.2295900,148.0459200,148.2040800,0
20131218,000000,148.3724500,151.9642900,147.6785700,151.9030600,0
20131219,000000,151.5204100,152.4081600,151.0000000,151.9336700,0
20131220,000000,152.1377500,153.0051000,152.0714300,152.3469400,0
20131223,000000,152.7755100,154.0255100,152.7755100,153.6020400,0
20131224,000000,153.6377500,153.9489800,153.5306100,153.8265300,0
20131226,000000,154.0663300,154.3724500,153.6428600,153.7551000,0
20131227,000000,153.7806100,154.0714300,153.5102000,153.6887800,0
20131230,000000,153.6989800,153.8877500,152.8622500,153.1428600,0
20131231,000000,153.5051000,153.7653100,153.1071400,153.6122500,0
20140102,000000,153.5969400,153.8469400,152.7755100,153.4183700,0
20140103,000000,153.8520400,155.3163300,153.8367400,154.8979600,0
20140106,000000,155.8010200,156.7908200,155.6326500,155.7551000,0
20140107,000000,156.5204100,156.8163300,155.2193900,155.7398000,0
20140108,000000,156.0561200,157.1326500,155.8265300,157.0459200,0
20140109,000000,157.1224500,158.1020400,156.9949000,158.0765300,0
20140110,000000,157.9949000,157.9949000,156.5663300,157.4183700,0
20140113,000000,157.2959200,157.4081600,154.9336700,155.3724500,0
20140114,000000,155.9132600,156.4285700,155.0459200,156.1938800,0
20140115,000000,157.3265300,159.3010200,157.3061200,159.0459200,0
20140116,000000,158.0714300,158.0714300,157.1428600,157.5459200,0
20140117,000000,157.8010200,158.1581600,156.7959200,157.0969400,0
20140121,000000,157.4744900,158.6632600,156.7653100,157.8826500,0
20140122,000000,158.2091800,158.2602000,157.4489800,158.1377500,0
20140123,000000,157.9744900,157.9744900,154.6887800,155.6326500,0
20140124,000000,154.5714300,154.5714300,152.1989800,152.1989800,0
20140127,000000,152.0153100,153.1632600,150.3979600,151.3673500,0
20140128,000000,151.7653100,153.5255100,151.7653100,153.1683700,0
20140129,000000,152.4591800,153.0459200,150.8010200,151.3316300,0
20140130,000000,151.9949000,153.3010200,151.7040800,152.8622500,0
20140131,000000,151.9795900,152.3724500,150.4898000,150.6785700,0
20140203,000000,150.6530600,151.3826500,146.8316300,147.0714300,20
20140204,000000,147.4489800,149.3265300,147.4183700,148.4132600,4
20140205,000000,148.1020400,148.8724500,147.2653100,148.3265300,0
20140206,000000,148.4642900,150.9540800,148.4642900,150.9081600,1560
20140207,000000,151.5459200,152.6275500,150.8418400,152.1683700,0
20140210,000000,152.2551000,152.6173500,151.2602000,152.2653100,0
20140211,000000,152.2398000,154.1224500,151.9744900,153.7653100,0
20140212,000000,153.7704100,154.6683700,153.0612200,153.6326500,0
20140213,000000,153.2806100,154.0459200,152.4285700,153.9540800,0
20140214,000000,153.8469400,154.5102000,153.5969400,154.3010200,0
20140218,000000,154.4949000,154.7908200,153.8469400,154.1020400,0
20140219,000000,153.6632600,153.9949000,150.9438800,151.0510200,0
20140220,000000,151.1071400,152.1020400,150.4898000,151.6632600,0
20140221,000000,151.6938800,152.8010200,151.3928600,151.9285700,0
20140224,000000,152.0102000,154.5051000,152.0102000,153.7857100,0
20140225,000000,153.7602000,153.7755100,152.3979600,152.6020400,0
20140226,000000,152.9030600,153.1938800,151.3622500,152.7602000,0
20140227,000000,152.5612200,153.2551000,151.7091800,153.2551000,0
20140228,000000,153.2040800,155.0408200,152.7193900,153.9132600,0
20140303,000000,153.4438800,153.4438800,151.3826500,152.1887800,0
20140304,000000,152.4693900,155.3979600,152.4693900,155.2295900,0
20140305,000000,155.4898000,157.3265300,155.4591800,157.0102000,0
20140306,000000,157.2398000,158.8469400,157.2398000,158.1122500,0
20140307,000000,158.6836700,160.6122500,158.6275500,159.3316300,0
20140310,000000,159.1224500,159.5918400,158.3673500,159.5816300,0
20140311,000000,159.8010200,159.8979600,157.5663300,157.6887800,0
20140312,000000,157.0663300,157.5867400,156.2244900,157.5816300,0
20140313,000000,157.8214300,158.5153100,155.9132600,156.3265300,0
20140314,000000,156.0408200,157.1122500,154.7959200,154.9898000,0
20140317,000000,155.6581600,157.3112200,155.6581600,157.1581600,0
20140318,000000,157.2040800,158.1683700,157.1989800,158.1683700,0
20140319,000000,158.1122500,160.1428600,157.6275500,158.8673500,0
20140320,000000,158.9132600,163.3775500,158.8571400,162.7449000,0
20140321,000000,162.8214300,164.5765300,162.0102000,162.1683700,0
20140324,000000,162.6887800,163.5663300,161.5102000,162.2244900,0
20140325,000000,162.7346900,163.1887800,161.7040800,162.0561200,0
20140326,000000,162.5867400,162.9693900,160.5408200,160.5408200,0
20140327,000000,159.4642900,160.8775500,157.7040800,158.7244900,0
20140328,000000,158.9591800,160.1377500,158.4438800,159.0408200,0
20140331,000000,159.5051000,161.1377500,159.5051000,160.9081600,0
20140401,000000,161.2857100,161.9030600,161.0000000,161.6887800,0
20140402,000000,161.6122500,161.9132600,160.9642900,161.6071400,0
20140403,000000,161.5714300,161.6836700,160.4846900,161.4438800,0
20140404,000000,161.8418400,162.1479600,159.1479600,159.1479600,0
20140407,000000,158.9438800,159.0255100,156.3265300,156.7704100,0
20140408,000000,156.6173500,157.3163300,155.5357100,156.8622500,0
20140409,000000,157.0714300,158.0000000,156.2602000,157.8265300,0
20140410,000000,157.8979600,157.8979600,153.3163300,153.3163300,0
20140411,000000,152.3775500,153.4234700,149.5204100,151.3163300,0
20140414,000000,152.3877500,153.7346900,150.7959200,152.5204100,0
20140415,000000,152.5969400,154.4489800,151.7704100,154.0000000,0
20140416,000000,154.2142900,154.2500000,152.6632600,154.2449000,0
20140417,000000,154.3214300,154.4438800,153.1275500,153.8928600,0
20140421,000000,154.0306100,154.4438800,153.4438800,153.6836700,0
20140422,000000,153.5867400,155.5969400,153.2449000,154.8826500,0
20140423,000000,154.8826500,155.8010200,154.6326500,155.6836700,0
20140424,000000,155.6938800,156.0663300,154.4030600,154.9540800,0
20140425,000000,154.8112200,154.8112200,153.0612200,153.1377500,0
20140428,000000,152.0969400,152.5918400,149.8112200,150.9846900,0
20140429,000000,151.3979600,152.5510200,151.3979600,152.5102000,0
20140430,000000,152.4438800,152.9744900,151.9132600,152.5867400,4
20140501,000000,152.5204100,152.9489800,151.5612200,152.0663300,0
20140502,000000,152.2704100,153.8928600,152.0510200,152.4285700,0
20140505,000000,150.6428600,151.3571400,150.0867400,151.0765300,0
20140506,000000,150.7346900,150.7346900,148.7806100,148.7959200,0
20140507,000000,149.1428600,150.1734700,148.4846900,150.1326500,0
20140508,000000,150.1632600,151.3112200,149.9744900,150.4540800,0
20140509,000000,150.2398000,150.3520400,149.1122500,149.9744900,0
20140512,000000,150.5306100,152.2142900,150.4234700,152.0561200,0
20140513,000000,152.0306100,152.3775500,151.6224500,151.7295900,0
20140514,000000,151.6479600,151.6479600,149.7295900,150.0000000,0
20140515,000000,149.8622500,149.8622500,147.0867400,148.4438800,0
20140516,000000,148.3061200,148.3979600,147.2857100,148.2295900,0
20140519,000000,147.7398000,149.8520400,147.7193900,149.7602000,0
20140520,000000,149.3724500,149.8163300,148.2398000,148.7142900,0
20140521,000000,149.1785700,150.6836700,149.1785700,149.9949000,0
20140522,000000,149.9846900,150.8877500,149.8214300,150.8622500,0
20140523,000000,150.8979600,151.4642900,150.4591800,151.2449000,0
20140527,000000,151.5969400,153.9693900,151.5969400,152.9693900,0
20140528,000000,152.9540800,153.3112200,152.3316300,152.7653100,0
20140529,000000,152.9030600,153.2704100,152.2346900,152.7602000,0
20140530,000000,152.8010200,153.5561200,152.6326500,153.2704100,0
20140602,000000,153.3469400,154.1785700,152.5765300,153.9744900,0
20140603,000000,153.7551000,154.6173500,153.1887800,154.4234700,0
20140604,000000,154.1887800,154.5255100,153.8265300,154.3673500,0
20140605,000000,154.5102000,156.4642900,154.1326500,156.3877500,0
20140606,000000,156.5816300,157.9438800,156.4795900,157.5969400,0
20140609,000000,157.6530600,159.7500000,157.6530600,159.6020400,0
20140610,000000,159.3622500,159.7857100,158.7142900,159.7500000,0
20140611,000000,159.0000000,159.1632600,157.6428600,158.0867400,0
20140612,000000,157.9081600,158.2704100,156.5765300,156.9285700,0
20140613,000000,157.0867400,158.2857100,156.3673500,156.8571400,0
20140616,000000,156.6122500,156.6122500,155.1377500,155.6938800,0
20140617,000000,155.5255100,157.9387800,155.4591800,157.5408200,0
20140618,000000,157.5867400,158.4846900,156.6989800,158.3163300,0
20140619,000000,158.3265300,158.3265300,157.2040800,157.6326500,0
20140620,000000,157.7398000,158.7346900,157.7398000,158.4438800,0
20140623,000000,158.3622500,159.4081600,157.7449000,159.3163300,0
20140624,000000,158.6173500,159.6938800,157.6530600,157.8367400,0
20140625,000000,157.5612200,158.5051000,156.3469400,158.1581600,0
20140626,000000,157.9489800,157.9489800,156.0969400,157.5255100,0
20140627,000000,157.3469400,158.0102000,157.0612200,158.0102000,0
20140630,000000,157.9744900,158.2500000,157.3724500,157.8622500,0
20140701,000000,157.9387800,159.7704100,157.8979600,158.7704100,0
20140702,000000,159.0306100,159.5000000,158.5561200,158.6989800,0
20140703,000000,159.1734700,160.5918400,159.1734700,160.0306100,0
20140707,000000,159.6836700,159.6836700,158.4693900,158.8520400,0
20140708,000000,158.3418400,158.3418400,156.6581600,156.8571400,0
20140709,000000,157.1938800,157.4949000,156.6530600,157.1326500,0
20140710,000000,155.6275500,156.3163300,154.8265300,155.8214300,0
20140711,000000,154.9693900,156.0561200,154.3367400,155.7755100,0
20140714,000000,157.1071400,158.0255100,156.5459200,156.7040800,0
20140715,000000,158.0459200,159.2704100,158.0459200,159.0204100,0
20140716,000000,159.1020400,159.2244900,157.6479600,157.9438800,0
20140717,000000,157.5204100,157.5204100,154.9438800,155.1989800,0
20140718,000000,155.4132600,157.2142900,155.4132600,156.8826500,0
20140721,000000,156.3724500,156.5969400,155.6836700,156.4132600,0
20140722,000000,156.7704100,157.3673500,156.5255100,156.8061200,0
20140723,000000,156.8520400,157.8775500,156.6326500,157.3316300,0
20140724,000000,157.6020400,158.5306100,157.5510200,158.2244900,0
20140725,000000,157.9234700,158.5408200,157.7806100,158.2040800,0
20140728,000000,157.8571400,158.2142900,156.7755100,157.5051000,0
20140729,000000,157.4285700,158.0714300,156.7551000,156.7551000,0
20140730,000000,156.9642900,158.7653100,156.9642900,158.1989800,0
20140731,000000,157.5357100,157.5867400,154.9949000,155.0051000,0
20140801,000000,154.6836700,155.1683700,151.9234700,152.6275500,0
20140804,000000,153.0714300,153.5969400,152.4081600,153.4081600,0
20140805,000000,152.9030600,153.6785700,151.3979600,152.1122500,0
20140806,000000,152.1479600,153.3469400,151.9030600,152.3979600,0
20140807,000000,153.1428600,153.4795900,151.0459200,151.3928600,0
20140808,000000,151.4285700,152.5357100,150.8826500,152.4744900,0
20140811,000000,152.6122500,152.9081600,152.0663300,152.3316300,0
20140812,000000,152.0612200,153.0612200,151.8877500,152.2908200,0
20140813,000000,152.7346900,153.5051000,152.6836700,153.1428600,0
20140814,000000,153.3622500,154.0714300,153.2346900,153.8724500,0
20140815,000000,154.2142900,154.7959200,152.1734700,153.0969400,0
20140818,000000,153.7040800,155.1326500,153.7040800,154.9387800,0
20140819,000000,155.2449000,155.9898000,155.1632600,155.3316300,0
20140820,000000,155.0408200,155.8061200,154.7244900,155.5816300,0
20140821,000000,155.7959200,158.7806100,155.7908200,158.3826500,0
20140822,000000,158.3367400,159.3979600,157.8877500,158.1122500,0
20140825,000000,158.5357100,160.3214300,158.5357100,159.5612200,0
20140826,000000,159.7040800,160.8418400,159.7040800,160.2857100,0
20140827,000000,160.3622500,160.5000000,159.1734700,159.4438800,0
20140828,000000,158.9591800,158.9591800,157.8928600,158.3979600,0
20140829,000000,158.9030600,159.4285700,158.5867400,159.2142900,0
20140902,000000,159.6173500,160.1224500,158.9132600,160.0969400,0
20140903,000000,160.4387800,161.0051000,159.3265300,159.8010200,0
20140904,000000,160.0612200,161.1836700,159.4591800,159.9898000,0
20140905,000000,159.7551000,159.9591800,158.4438800,159.9438800,0
20140908,000000,159.9591800,160.7295900,159.6938800,160.2142900,0
20140909,000000,159.6683700,159.6683700,158.1428600,158.4591800,0
20140910,000000,158.5663300,160.2602000,158.5663300,159.9795900,0
20140911,000000,159.6122500,161.0663300,159.5051000,160.9795900,0
20140912,000000,161.0204100,162.5969400,161.0102000,161.7959200,0
20140915,000000,161.6428600,162.2806100,161.1275500,161.6734700,0
20140916,000000,161.3061200,162.3979600,161.2346900,161.7908200,0
20140917,000000,161.8877500,163.6122500,161.6326500,162.5255100,0
20140918,000000,163.0102000,165.2500000,163.0102000,165.0306100,0
20140919,000000,165.3622500,166.2653100,164.2857100,164.5969400,0
20140922,000000,164.5969400,165.1479600,163.4030600,163.6071400,0
20140923,000000,163.4949000,164.1224500,162.4489800,162.4489800,0
20140924,000000,162.5969400,163.2806100,162.0357100,163.2551000,0
20140925,000000,163.0102000,163.0102000,160.2857100,160.2908200,0
20140926,000000,160.4642900,161.7244900,160.3367400,161.4795900,0
20140929,000000,160.9489800,161.2142900,159.8316300,160.8265300,0
20140930,000000,160.8775500,161.6785700,160.2908200,160.6581600,0
20141001,000000,160.7193900,160.7653100,158.6581600,158.8622500,0
20141002,000000,158.4898000,159.3520400,157.1683700,158.7398000,0
20141003,000000,159.0663300,161.6173500,159.0663300,161.4183700,0
20141006,000000,162.0765300,162.3469400,160.7959200,161.0051000,0
20141007,000000,160.4387800,160.4387800,158.0357100,158.0561200,0
20141008,000000,158.0612200,161.1173500,157.8826500,161.0714300,0
20141009,000000,160.8112200,160.8112200,157.0000000,157.2449000,0
20141010,000000,157.0714300,158.6479600,155.5255100,155.5561200,0
20141013,000000,155.3673500,157.0561200,154.6428600,154.6785700,0
20141014,000000,154.3622500,155.9285700,153.5867400,154.7806100,0
20141015,000000,154.2704100,154.3112200,146.3265300,149.4949000,0
20141016,000000,148.5510200,151.3367400,147.6479600,150.2193900,0
20141017,000000,150.7653100,152.9438800,150.7653100,151.6275500,0
20141020,000000,151.5612200,152.7346900,151.5000000,152.5816300,0
20141021,000000,152.9183700,156.2040800,152.9183700,155.9693900,0
20141022,000000,156.1173500,156.9132600,154.7806100,154.7806100,0
20141023,000000,155.7398000,157.6173500,155.7398000,156.3571400,0
20141024,000000,156.2908200,157.7602000,156.2908200,157.7142900,0
20141027,000000,157.3163300,157.7398000,156.6785700,157.6683700,0
20141028,000000,158.2142900,160.0408200,158.2142900,160.0408200,0
20141029,000000,159.9540800,161.2142900,159.3112200,160.9285700,0
20141030,000000,160.7857100,162.2040800,160.0357100,161.5408200,0
20141031,000000,162.6020400,163.6275500,162.5918400,163.5765300,0
20141103,000000,163.7857100,164.8469400,163.3469400,164.1122500,0
20141104,000000,163.7908200,163.7908200,161.9795900,163.5306100,0
20141105,000000,164.1734700,165.1020400,163.7500000,165.1020400,0
20141106,000000,164.9846900,165.9285700,164.6377500,165.9285700,0
20141107,000000,165.6632600,166.2244900,164.9540800,165.7755100,0
20141110,000000,165.5459200,166.3061200,165.4030600,166.3010200,0
20141111,000000,166.1938800,166.5969400,165.5663300,165.6938800,0
20141112,000000,164.9336700,165.4438800,164.1173500,165.3010200,0
20141113,000000,165.2755100,165.3928600,163.9693900,164.6326500,0
20141114,000000,164.4489800,165.1479600,164.0969400,164.2704100,0
20141117,000000,163.6479600,164.3724500,163.2244900,164.2346900,0
20141118,000000,164.2295900,165.0816300,163.8316300,164.4489800,0
20141119,000000,164.2959200,164.3367400,163.2398000,164.1275500,0
20141120,000000,163.4591800,163.9949000,162.9438800,163.9949000,0
20141121,000000,164.7959200,165.8367400,164.1071400,164.4030600,0
20141124,000000,164.6377500,166.3061200,164.6377500,165.8724500,0
20141125,000000,165.9591800,165.9591800,164.7295900,165.1734700,0
20141126,000000,165.4285700,165.5153100,165.0204100,165.4846900,0
20141128,000000,165.5561200,165.9387800,164.5000000,164.6938800,0
20141201,000000,164.3061200,164.3061200,162.0918400,162.6581600,0
20141202,000000,162.8316300,165.0918400,162.8316300,164.9591800,0
20141203,000000,164.9234700,166.4540800,164.6734700,166.3673500,0
20141204,000000,166.1938800,166.7346900,165.2449000,166.3316300,0
20141205,000000,167.2806100,169.9336700,167.2806100,169.3877500,0
20141208,000000,169.2244900,170.5153100,168.3163300,169.3112200,0
20141209,000000,168.5153100,169.3163300,166.2806100,169.0561200,0
20141210,000000,168.3673500,169.2295900,165.5357100,165.6275500,0
20141211,000000,165.8826500,168.1122500,165.8826500,166.2500000,0
20141212,000000,165.4081600,166.0765300,163.3928600,163.4336700,0
20141215,000000,164.0510200,164.9949000,161.1377500,161.5969400,0
20141216,000000,160.8673500,163.4132600,159.7244900,159.9234700,0
20141217,000000,160.0969400,163.7755100,160.0306100,163.6887800,0
20141218,000000,164.3979600,167.8316300,164.3979600,167.8214300,0
20141219,000000,167.9591800,168.6122500,167.1887800,167.5459200,0
20141222,000000,167.6020400,168.2806100,167.3367400,168.2806100,0
20141223,000000,168.5305900,170.6989500,168.5305900,169.9540500,1552
20141224,000000,170.2244600,170.5918100,169.4489500,169.8418100,850
20141226,000000,170.0816100,170.5765000,169.7856900,169.8469100,1573
20141229,000000,169.7040500,171.6938500,169.2499700,170.9081400,1575
20141230,000000,170.7805800,171.1377300,170.0458900,170.7958900,1577
20141231,000000,171.1173200,171.4336500,168.8163000,168.8163000,1574
20150102,000000,168.9285400,169.9387500,166.9795700,168.4744600,4008
20150105,000000,168.3112000,168.3112000,163.1224200,163.5305900,4677
20150106,000000,163.5561000,163.8571200,158.4897700,159.3112000,4659
20150107,000000,159.4999700,161.2907900,159.2142600,160.3316100,4693
20150108,000000,160.4387500,163.7244600,160.4387500,163.3928300,4694
20150109,000000,163.3979300,163.6122200,160.0612000,160.0612000,3482
20150112,000000,160.0714000,160.2295700,157.7244600,158.3061000,4544
20150113,000000,158.4234400,160.1326300,156.1275300,157.3367100,4651
20150114,000000,157.1734400,157.1734400,151.1887500,154.0407900,4593
20150115,000000,154.0050800,154.0050800,149.8418100,150.2754900,4539
20150116,000000,150.2091600,152.6530400,149.5152800,152.5969100,4166
20150120,000000,152.6275300,153.8112000,151.3622200,151.9591600,4610
20150121,000000,151.9285500,154.1632400,151.2652800,152.7091600,4684
20150122,000000,152.7907900,158.6632400,152.7907900,158.3367100,4703
20150123,000000,158.3724200,158.9132400,156.1887500,156.1989500,4510
20150126,000000,156.1785500,157.2907900,155.5765100,157.1887500,4587
20150127,000000,156.9693600,156.9693600,154.1887500,155.3163000,4609
20150128,000000,155.3826300,155.9489500,151.7091600,151.7091600,4261
20150129,000000,151.7295700,154.1938500,151.3112000,153.8214000,4674
20150130,000000,153.7040600,153.9285500,151.2958900,151.3163000,4643
20150202,000000,151.4285500,154.6836500,151.2397700,154.4183400,4699
20150203,000000,154.5356900,157.6275300,154.5356900,157.4846700,4704
20150204,000000,157.4132400,158.1785500,156.3775300,156.6020200,4691
20150205,000000,156.6989500,158.6836500,156.6989500,158.3469100,4699
20150206,000000,158.5152800,163.2193600,158.5152800,161.2805900,4699
20150209,000000,161.1581400,161.3163000,159.7040600,160.3979300,4665
20150210,000000,160.5407900,162.1785500,160.4744600,161.4438500,4668
20150211,000000,161.4183400,161.4183400,159.6836500,160.7040600,4685
20150212,000000,160.8112000,164.1887500,160.8112000,163.9387500,4696
20150213,000000,163.9642600,165.3571200,163.6275200,164.4693600,4679
20150217,000000,164.4336500,165.3418100,163.4795700,165.1581400,4663
20150218,000000,165.1071200,165.1071200,162.3979300,162.8214000,4564
20150219,000000,162.7601800,163.2703800,161.2091600,162.4285500,4590
20150220,000000,162.3979300,164.0101800,160.4183400,163.8520100,4116
20150223,000000,163.7907900,163.7907900,161.9489500,163.1224200,4664
20150224,000000,163.1734400,165.7142600,163.1734400,164.8877300,4670
20150225,000000,164.8928300,165.4591600,164.6020100,165.2397700,4656
20150226,000000,165.1887500,165.3928300,164.1734400,164.9132400,4661
20150227,000000,164.8469100,164.9438500,163.9183400,163.9387500,4523
20150302,000000,163.9183400,165.8265000,163.4489500,165.8265000,4462
20150303,000000,165.7142600,166.0816100,164.9744600,165.8112000,4656
20150304,000000,165.8061000,165.8061000,164.1581400,164.8673200,4685
20150305,000000,164.8826300,165.3673200,163.8520100,165.2907900,4403
20150306,000000,165.2652800,168.2958900,164.8316100,165.1275200,4515
20150309,000000,165.1377300,166.1530300,165.0407900,165.6581400,4642
20150310,000000,165.4795700,165.4795700,161.5356900,161.5356900,4599
20150311,000000,161.5663000,163.7754800,161.5663000,163.1683400,4590
20150312,000000,163.3877300,167.0612000,163.3877300,167.0101800,4701
20150313,000000,166.9744600,167.2499700,164.8775200,166.0816100,4425
20150316,000000,166.1581400,167.3163000,166.0356900,167.1530300,4662
20150317,000000,167.0101800,167.3775200,165.4438500,167.3112000,4677
20150318,000000,167.1989500,167.7550800,166.0969100,167.1224200,4622
20150319,000000,167.0918100,167.0918100,164.1122200,164.8877300,4596
20150320,000000,164.9591600,167.2193600,164.9591600,166.7550800,4673
20150323,000000,166.7550800,167.3469100,165.5407900,165.5407900,4677
20150324,000000,165.5305900,165.6122200,164.1326300,164.1326300,4673
20150325,000000,163.4336500,163.6836500,161.6734400,161.6734400,3375
20150326,000000,161.6377300,162.3418100,159.8622200,161.7193600,4404
20150327,000000,161.6938500,161.8009900,160.2397700,160.9744600,4633
20150330,000000,161.0101800,164.4081400,161.0101800,163.6020100,4672
20150331,000000,163.5356900,163.5356900,162.3112000,162.7856900,4626
20150401,000000,162.7448700,162.7448700,160.9591600,162.0203800,4605
20150402,000000,161.9948700,163.5663000,161.9948700,163.2346700,4573
20150406,000000,163.0663000,163.3009900,160.7040600,162.5816100,4688
20150407,000000,162.5816100,163.7295700,162.5816100,162.7499700,4661
20150408,000000,162.7703800,164.2550800,162.7703800,163.1989500,4659
20150409,000000,163.1734400,164.1224200,162.3928300,163.9081400,4688
20150410,000000,163.9183400,164.3877300,163.2754800,164.2142600,4614
20150413,000000,164.2040600,165.4948700,164.2040600,165.2040600,4618
20150414,000000,165.1632400,165.7346700,164.1428300,165.0969100,4634
20150415,000000,165.1224200,166.9285400,164.8724200,166.3163000,4649
20150416,000000,166.2907900,167.4285400,165.3112000,166.4999700,4689
20150417,000000,166.4387500,166.4387500,163.5612000,164.0714000,4679
20150420,000000,164.1071200,165.4693600,164.1071200,164.8418100,4675
20150421,000000,164.8775200,165.8214000,163.5152800,163.8724200,4692
20150422,000000,163.8877300,165.9387500,163.3469100,165.3469100,4685
20150423,000000,165.2754800,165.8367100,164.5152800,165.1479300,4640
20150424,000000,165.1173200,165.2193600,164.1734400,164.4030300,4680
20150427,000000,164.4081400,165.9030300,163.9897700,164.0050800,4657
20150428,000000,164.0152800,165.4795700,163.2958900,165.3265000,4664
20150429,000000,165.2448700,167.6887500,164.9285500,166.9132400,4676
20150430,000000,166.8622200,167.3877300,165.2040600,166.0203800,4689
20150501,000000,166.1581400,167.2499700,165.9030300,166.6275200,4665
20150504,000000,166.6479300,169.0765000,166.6479300,168.9540500,4672
20150505,000000,168.8622200,170.0867100,167.9234400,168.0509900,4690
20150506,000000,168.0969100,168.9948700,165.5867100,166.9795700,4671
20150507,000000,166.9489500,167.6938500,165.6836500,167.1224200,4690
20150508,000000,167.1785400,169.6428300,167.1785400,169.6173200,4655
20150511,000000,169.5969100,169.9336500,169.1581400,169.4642600,4670
20150512,000000,169.4030300,169.7958900,167.8622200,169.4030300,4669
20150513,000000,169.4081400,170.4438500,168.8520100,170.0867100,4659
20150514,000000,170.1275200,171.2346700,170.1275200,171.0969100,4659
20150515,000000,171.0969100,171.1071200,168.9693600,169.5407900,4667
20150518,000000,169.5561000,171.2703800,169.5561000,171.0765000,4651
20150519,000000,171.1326300,173.2805800,171.1326300,173.0918100,4676
20150520,000000,173.0458900,173.0458900,171.5663000,171.8928300,4648
20150521,000000,171.8367100,172.0765000,171.0407900,171.7856900,4669
20150522,000000,171.7805800,172.3316100,171.5918100,171.5969100,4621
20150526,000000,171.5254800,171.5254800,169.3826300,170.0612000,4592
20150527,000000,170.1122200,172.1122200,170.1122200,171.8571200,4673
20150528,000000,171.8367100,171.8367100,170.5867100,171.5101800,4654
20150529,000000,171.4897700,171.4897700,169.5612000,170.1989500,4674
20150601,000000,170.2601800,171.6479300,169.8877300,170.2754800,4680
20150602,000000,170.2193600,171.7499700,169.5356900,171.1734400,4679
20150603,000000,171.2499700,174.0969100,171.2499700,173.5050700,4686
20150604,000000,173.4591600,173.7907900,171.5356900,172.0101800,4678
20150605,000000,172.1581400,175.7958900,172.1581400,174.7499700,4684
20150608,000000,174.7295600,175.4438500,173.6479300,173.6836500,4666
20150609,000000,173.7193600,175.8316000,173.0305800,175.2703800,4678
20150610,000000,175.3316000,178.4795600,175.3316000,177.7601800,4696
20150611,000000,177.7550700,178.6020100,177.0560900,177.7091600,4663
20150612,000000,177.6887500,177.7958900,176.4081300,177.3673200,4662
20150615,000000,177.2703800,177.2907900,175.0560900,176.7550700,4683
20150616,000000,176.7193600,177.8928300,176.0305800,177.8214000,4634
20150617,000000,177.9030328,178.4336449,176.2754820,176.5765024,4668
20150618,000000,176.6275228,177.7448695,175.8265025,177.6224206,4672
20150619,000000,177.6122165,177.6122165,175.8622168,176.0356861,4671
20150622,000000,176.1122167,178.8673183,176.1122167,178.4336449,4664
20150623,000000,178.4897674,180.0458896,178.4897674,179.7448692,4683
20150624,000000,179.7142570,179.7907876,178.0407878,178.1326246,4617
20150625,000000,178.2040531,178.9948693,177.0509921,177.1938492,4567
20150626,000000,177.2346655,178.4642572,177.2346655,177.8009920,4559
20150629,000000,177.6734410,177.6734410,173.1683396,173.2499723,4686
20150630,000000,173.5152784,175.8111964,173.0714009,174.1377272,4696
20150701,000000,174.4846660,176.6581350,174.4846660,176.0356861,4693
20150702,000000,176.0203800,176.0203800,173.6836457,174.5305843,4669
20150706,000000,174.4846660,174.4846660,172.0407888,173.8877273,4552
20150707,000000,173.8877273,173.8877273,169.0714015,172.3622173,4680
20150708,000000,172.2244622,172.2244622,168.6581363,168.9183403,4642
20150709,000000,169.0152791,172.2346663,169.0152791,170.7499727,4676
20150710,000000,170.8367074,173.5560947,170.8367074,172.9489519,4579
20150713,000000,173.0152784,175.3622168,173.0152784,175.2193597,4690
20150714,000000,175.2448699,176.5765024,175.2448699,176.4948697,4239
20150715,000000,176.5203799,179.3775223,176.5203799,178.6428286,4688
20150716,000000,178.7958898,180.9642568,178.7958898,180.6020119,4695
20150717,000000,180.6122160,180.6122160,179.0867060,179.9948692,4698
20150720,000000,180.0560936,181.2601751,179.9948692,180.4897670,4696
20150721,000000,180.5458895,181.4999710,179.8520120,180.2295630,4535
20150722,000000,180.2295630,183.1173176,180.2295630,182.6785422,4630
20150723,000000,182.7040524,183.5969094,180.8622160,181.1734404,4688
20150724,000000,181.1734404,181.1836445,178.7346653,179.1581346,4500
20150727,000000,179.0816040,179.0816040,176.4234412,177.3060941,4682
20150728,000000,177.3979308,178.4234408,176.4183391,177.7907879,4683
20150729,000000,177.7907879,179.8877263,177.7907879,179.5509917,4684
20150730,000000,179.4948692,180.0050732,178.6275224,179.8265018,4675
20150731,000000,179.8367059,179.8469100,178.4591551,178.6479306,4731
20150803,000000,178.6479306,179.1938489,177.1020125,178.3826245,4685
20150804,000000,178.3775225,179.7346651,178.2703796,178.5152776,4676
20150805,000000,178.7448694,180.6326242,178.5918082,179.1836448,4598
20150806,000000,179.2193591,179.8571141,177.7601756,178.2346654,4678
20150807,000000,178.2142572,179.4948692,176.3673187,177.6071144,4663
20150810,000000,177.6938491,180.2346650,177.6938491,180.1836446,4679
20150811,000000,180.0509916,180.0509916,176.7754819,177.6326246,4670
20150812,000000,177.4030328,177.4030328,172.2295643,175.0560944,4699
20150813,000000,175.0714006,176.5152779,174.4591558,175.9489514,4674
20150814,000000,175.9540535,177.3877267,175.7397678,177.3775226,4642
20150817,000000,177.2193594,178.2346654,175.8877270,177.6887471,4674
20150818,000000,177.6887471,178.5714000,177.0765023,177.7550736,4681
20150819,000000,177.7040532,177.7040532,175.4897678,175.8571147,4693
20150820,000000,175.6275229,175.6275229,170.9846665,170.9846665,4700
20150821,000000,170.8214012,170.8214012,165.5152796,165.5152796,4678
20150824,000000,165.3775246,165.3775246,153.6887509,156.8724239,4693
20150825,000000,157.0969136,162.5867087,154.5305875,154.5867100,4673
20150826,000000,154.9489548,161.7907904,154.9489548,161.6581374,4704
20150827,000000,161.8724231,166.3162999,161.8724231,165.9744632,4640
20150828,000000,165.8520143,165.9438510,163.9948717,165.3265042,4681
20150831,000000,165.1938511,165.7040551,163.8571166,165.2448715,4700
20150901,000000,164.9795654,164.9795654,156.7193627,157.9489543,4620
20150902,000000,158.1683420,161.2754844,158.1683420,160.7397702,4644
20150903,000000,160.7703824,163.7346677,160.7703824,161.7856884,4652
20150904,000000,161.7091578,161.7091578,157.4081381,158.8163011,4681
20150908,000000,159.0050766,163.3928310,159.0050766,163.2907902,4693
20150909,000000,163.5560963,165.8265041,160.6479335,161.0714028,4679
20150910,000000,161.0254844,163.1326270,159.8979336,162.2193618,4678
20150911,000000,162.0509945,162.1428312,160.5765049,162.1326271,4676
20150914,000000,162.1173210,162.8009944,161.2805864,162.1020149,4672
20150915,000000,162.1377292,165.5969123,162.1377292,164.9081369,4677
20150916,000000,164.8979328,165.9999734,163.4540555,165.7295653,4679
20150917,000000,165.7397694,166.8111978,161.2091579,161.7397700,4698
20150918,000000,161.5714027,161.5714027,157.4744646,157.9693625,4660
20150921,000000,158.0714033,160.3622192,158.0714033,159.6428316,4695
20150922,000000,159.4438520,159.4438520,156.7448729,157.8775258,4697
20150923,000000,157.9030360,159.1428317,157.1734442,158.0867094,4688
20150924,000000,157.8622196,157.8622196,155.3060976,157.1122198,4695
20150925,000000,157.1530361,161.2346681,157.1530361,160.1581376,4685
20150928,000000,159.4030357,159.4438520,155.9591587,156.2703832,4653
20150929,000000,156.3009954,156.7907912,154.8111997,156.5560974,4677
20150930,000000,156.8214035,158.7958930,156.7244647,158.7295664,4492
20151001,000000,158.7397705,159.7601785,157.1836483,159.0611990,4698
20151002,000000,158.8979338,158.8979338,151.9030369,157.9081380,4676
20151012,000000,161.2958926,161.8316068,160.4489539,161.3469130,4602
20151013,000000,161.2397701,161.9183414,160.3877294,160.5918110,4673
20151014,000000,160.5305866,160.5305866,157.6632401,158.2499747,4637
20151015,000000,158.3928318,162.7040556,158.3928318,162.6224230,4673
20151016,000000,162.6530352,163.5050759,161.9897700,162.6785454,4693
20151019,000000,162.6377291,163.4693616,161.7703823,162.3060965,4701
20151020,000000,162.3826271,164.2193615,162.1581373,163.5765044,4709
20151021,000000,163.6377289,164.5918104,161.8265047,161.8418108,4703
20151022,000000,161.9438516,165.5663000,161.9438516,164.5356880,4696
20151023,000000,164.6020145,167.6530344,164.6020145,167.5254834,4698
20151026,000000,167.4642589,167.5816058,165.7193612,166.6530346,4668
20151027,000000,166.4183407,166.4183407,164.7244634,165.5918102,4698
20151028,000000,165.6020143,171.6122174,165.6020143,171.3928297,4700
20151029,000000,171.3316052,172.2142582,169.3622178,169.7958912,4689
20151030,000000,169.7550749,169.7652790,166.3775244,166.8622182,4703
20151102,000000,166.9846672,170.0458912,166.9846672,169.5254831,4693
20151103,000000,169.3928300,170.7244625,168.6377281,169.9795646,4687
20151104,000000,170.0254830,170.5611972,169.1122178,169.5101770,4695
20151105,000000,169.5356872,171.6785440,169.5356872,171.0918094,4008
20151106,000000,171.2091563,177.0765023,171.2091563,175.9030331,4703
20151109,000000,175.9693596,176.5816044,173.3367070,174.2652782,4647
20151110,000000,174.2244619,175.4183393,173.0458907,175.0254822,4688
20151111,000000,175.2142577,175.9030331,173.7091559,174.0509926,4681
20151112,000000,173.8418089,173.8418089,170.7703808,170.7958910,4688
20151113,000000,170.7193604,170.8775237,168.6275240,169.2193607,4691
20151116,000000,169.1479321,171.4234420,168.0816058,171.3928297,4687
20151117,000000,171.4795644,172.7652785,170.3877278,170.9489522,4689
20151118,000000,171.0560951,174.3877272,171.0560951,174.2652782,4683
20151119,000000,174.2346660,174.8571149,173.0714009,174.3673190,4687
20151120,000000,174.4234415,175.3111964,173.7091559,174.1122170,4695
20151123,000000,174.1173191,174.7295639,173.0918090,173.1887478,4692
20151124,000000,173.0203805,173.7499722,171.4591562,173.0765029,4686
20151125,000000,173.0867070,173.6377273,172.5152785,172.9795642,4668
20151127,000000,172.9846662,173.6938498,172.1785439,173.5203804,2534
20151130,000000,173.5918090,174.2958905,172.9132376,172.9744621,4697
20151201,000000,173.1020131,175.1836454,173.1020131,175.1122169,4286
20151202,000000,175.1785434,175.4438495,172.5509928,172.8622172,4687
20151203,000000,172.9897682,173.8060946,169.8877279,170.3418095,4699
20151204,000000,170.4897686,175.5152780,170.4897686,175.1581352,4674
20151207,000000,175.1020128,175.1020128,171.9846664,173.0560948,4699
20151208,000000,172.7244622,172.7244622,169.4795647,169.9336463,4696
20151209,000000,169.7958912,171.2856869,167.0458916,168.3265037,4693
20151210,000000,168.3367078,170.9540543,167.2754834,169.0407893,4699
20151211,000000,168.7295648,168.7295648,163.9846676,165.0765042,4696
20151214,000000,165.1530348,166.4948713,163.3826269,165.2448715,4701
20151215,000000,165.5356878,171.0203808,165.5356878,170.2244626,4694
20151216,000000,170.3979319,173.7550742,169.5560953,173.3622172,4702
20151217,000000,173.3826253,174.1377272,170.4897686,170.5101768,4584
20151218,000000,170.4591564,170.4591564,165.6326266,165.6428306,4712
20151221,000000,165.8775245,167.9642588,165.5101776,167.2448712,4701
20151222,000000,167.3775242,168.3214016,166.0458918,168.0356874,4695
20151223,000000,168.3111976,170.5356870,168.3111976,170.4795646,4663
20151224,000000,170.4438503,171.1377277,169.7550749,170.3367074,2522
20151228,000000,170.1020136,170.1020136,167.8775242,169.5458912,4682
20151229,000000,169.7193606,171.6734419,169.7193606,171.3162991,4666
20151230,000000,171.2805848,171.2805848,169.3673198,169.5560953,4656
20151231,000000,169.1989525,169.8877279,167.8469119,167.8826262,4681
20160104,000000,167.7652793,167.7652793,161.8979333,163.5101779,4693
20160105,000000,163.5305861,164.6887492,162.0918108,163.5050759,4693
20160106,000000,163.2091576,163.2091576,160.0663009,160.8469130,4673
20160107,000000,160.6071172,160.6071172,154.8418120,155.2754854,4645
20160108,000000,155.4234445,157.2754850,151.9081390,152.1275267,4674
20160111,000000,152.2907920,153.4795673,150.9540575,152.8622204,4643
20160112,000000,153.0663020,155.0254854,151.8060982,154.1683427,4696
20160113,000000,154.3928324,155.4489547,148.4846701,149.1836496,4651
20160114,000000,149.2958945,152.3673226,148.1734457,150.9795677,4578
20160115,000000,150.6836494,150.6836494,143.8571198,146.3622215,4615
20160119,000000,146.5663031,148.6173232,144.0612014,145.0969156,4692
20160120,000000,144.8775278,144.8775278,139.0152839,142.2652834,4686
20160121,000000,142.3214058,144.4234463,140.6632428,140.9693652,4652
20160122,000000,141.3367121,144.4081402,141.3367121,143.8060994,4668
20160125,000000,143.7295688,143.7295688,138.8724268,139.0203859,4504
20160126,000000,139.0918145,142.6173241,139.0918145,142.1683446,4681
20160127,000000,142.1479364,145.9132420,141.5867120,142.9132424,4397
20160128,000000,143.1887526,145.5101808,142.7499772,143.8928341,4602
20160129,000000,143.9897729,148.4030375,143.9591606,148.3979354,4637
20160201,000000,148.2397722,148.2397722,146.2754868,147.2499764,4626
20160202,000000,146.8979357,146.8979357,141.8060998,142.3673242,4681
20160203,000000,142.4948752,142.8979363,136.8112026,141.8877324,4659
20160204,000000,141.7907936,145.3367114,141.7295692,143.8724260,4510
20160205,000000,143.8571198,145.3928339,141.2958958,141.8877324,4659
20160208,000000,141.5050794,141.5050794,135.8265089,137.4999780,4665
20160209,000000,137.2448760,138.3826309,134.8826315,137.2091617,4455
20160210,000000,137.4030392,140.0407939,135.7040599,135.8571211,4648
20160211,000000,135.6377334,135.6377334,128.7958978,130.0458976,4663
20160212,000000,130.2142649,138.0816106,130.2142649,137.8418147,4669
20160216,000000,137.9948759,142.0152834,137.9948759,141.2244672,4639
20160217,000000,141.3265080,143.6734464,141.3265080,142.2295691,4698
20160218,000000,142.3316099,142.6581404,138.8928349,139.8775286,4677
20160219,000000,139.8622225,140.5356918,138.1428350,140.1989572,4691
20160222,000000,140.3571204,143.2958954,140.3571204,142.9999771,4675
20160223,000000,142.9285486,142.9285486,138.3112024,138.6938554,4681
20160224,000000,138.4999778,138.4999778,134.1683459,137.9540596,3823
20160225,000000,138.0305902,139.7601817,137.9642636,139.6224266,4608
20160226,000000,139.6224266,143.1683444,139.6224266,141.7397732,4680
20160229,000000,141.6989569,141.6989569,138.6377329,138.6428350,4699
20160301,000000,139.1581410,145.1173237,139.1581410,145.1173237,4656
20160302,000000,145.0969156,147.5305886,144.9030380,147.5305886,4641
20160303,000000,147.4948744,148.9132415,146.4489562,148.9081394,4671
20160304,000000,149.0918129,151.1581391,148.6683436,149.7295679,4640
20160307,000000,149.6020169,149.7958944,147.8775274,149.4081394,4365
20160308,000000,149.2499761,149.2499761,145.4948747,145.5918134,4681
20160309,000000,145.7346706,146.6887520,144.8775278,145.3979359,4657
20160310,000000,145.6530379,147.3622213,143.3571199,145.5816094,4394
20160311,000000,145.8418134,149.7958944,145.8418134,149.6173230,4669
20160314,000000,149.5254863,149.5254863,147.6581396,148.8673231,4688
20160315,000000,148.0050784,148.6938538,147.0663030,148.6632415,4675
20160316,000000,148.4744660,149.9132413,145.9795685,147.2193642,4674
20160317,000000,147.1683438,148.4642620,145.0305890,148.0458947,4688
20160318,000000,148.1071192,151.8060982,148.1071192,150.9795677,4700
20160321,000000,150.9642616,152.1683430,149.9744658,151.1836493,4684
20160322,000000,150.8009963,151.2652819,149.2142618,150.6020167,4663
20160323,000000,150.5663024,150.6428330,148.9234456,148.9693639,4685
20160324,000000,148.8214048,148.8214048,145.7652828,147.8469151,4699
20160328,000000,147.8724253,148.3214048,146.8979357,147.5203846,4672
20160329,000000,147.2652826,147.2652826,144.9336503,146.3469154,4676
20160330,000000,146.5152827,149.0816088,146.5152827,147.6887519,4643
20160331,000000,147.6071192,148.2856906,146.3979358,146.8214051,4692
20160401,000000,146.7346704,147.9948743,144.9234462,147.7601804,4690
20160404,000000,147.7499764,148.3469150,146.4846704,147.2091601,4674
20160405,000000,146.9438540,146.9438540,144.2499769,144.4234463,4696
20160406,000000,144.4489565,145.7703848,143.5203852,145.6887522,4678
20160407,000000,145.1224258,145.1224258,140.7907938,141.6530386,4693
20160408,000000,141.8469161,144.5714054,141.8469161,142.3877323,4684
20160411,000000,142.4999772,144.9489564,142.4999772,143.3112016,4684
20160412,000000,143.4132424,146.0816093,143.1938546,145.9081399,4682
20160413,000000,146.0816093,151.9744655,146.0816093,151.3673227,4700
20160414,000000,151.3571186,154.1275264,150.4795678,152.7805878,4695
20160415,000000,152.7907919,153.8469142,150.9183432,151.6683431,4696
20160418,000000,151.5152819,153.2805877,150.5152820,152.9132408,4688
20160419,000000,152.9591592,155.6071180,152.9591592,155.5356894,4698
20160420,000000,155.5611996,158.3775257,155.4795670,158.2244645,4694
20160421,000000,158.2040563,159.3724235,156.8724239,157.2958932,4699
20160422,000000,157.2754850,159.3724235,157.1734442,158.9948725,4702
20160425,000000,158.9234440,158.9234440,156.8163014,158.1122196,4698
20160426,000000,158.1377298,159.7040561,157.5356891,159.5152806,4675
20160427,000000,159.5050765,161.1173212,158.7601787,159.6479336,4671
20160428,000000,159.4744643,159.8724234,157.2856891,157.8571176,4690
20160429,000000,157.7499748,157.9132400,155.6479343,156.5765056,4696
20160502,000000,156.6632402,158.2499747,156.1020158,157.9999747,4692
20160503,000000,157.7346686,157.7346686,153.3928326,154.9591589,4691
20160504,000000,154.7805875,154.7805875,151.0918126,152.0714042,4691
20160505,000000,152.1071185,153.1479347,151.0969146,151.4693635,4686
20160506,000000,151.3571186,152.1071185,150.2091596,152.0203838,4687
20160509,000000,151.9591594,152.7193633,150.5612004,151.1173228,4671
20160510,000000,151.3520166,153.9948733,151.3520166,153.6071183,4676
20160511,000000,153.4948734,154.9132405,152.7703837,152.7703837,4668
20160512,000000,152.8265062,154.6989548,151.5560982,152.3673226,4673
20160513,000000,152.3265062,153.7550774,149.5663026,149.8724250,4685
20160516,000000,149.9183434,151.6581390,149.6071189,150.8316085,4686
20160517,000000,150.7805881,151.7550778,149.5816087,150.3673229,4669
20160518,000000,150.3622208,156.3214036,150.3622208,156.0050771,4675
20160519,000000,155.9387506,156.8316076,153.4132408,154.5714038,4673
20160520,000000,155.1326282,156.5305872,154.6887508,155.1734446,4547
20160523,000000,155.1479344,155.6326282,153.9234448,154.9591589,4678
20160524,000000,155.1224242,157.8928319,155.1224242,157.3622197,4584
20160525,000000,157.4336483,161.7193619,157.4336483,160.3571172,4557
20160526,000000,160.3469131,160.4132396,158.7346685,158.9846684,4591
20160527,000000,158.9948725,160.3265050,158.9948725,160.3265050,4589
20160531,000000,160.4795662,161.2295660,159.1938521,159.9387499,4694
20160601,000000,159.8265050,160.9336477,157.3316075,160.7448722,4684
20160602,000000,160.6632396,161.2550762,159.6887500,161.2244640,4676
20160603,000000,160.7397702,160.7397702,154.9540568,157.6377299,4672
20160606,000000,157.6581380,160.4030356,157.6581380,159.2040562,4683
20160607,000000,159.1326276,159.8111989,158.2193624,158.2244645,4684
20160608,000000,158.1785461,159.0203827,157.7856890,158.4030359,4679
20160609,000000,158.0765053,158.0765053,155.2550772,156.3928321,4683
20160610,000000,155.9387506,155.9387506,153.1530367,153.7448734,4690
20160613,000000,153.6071183,154.4795671,151.9693634,152.0203838,4685
20160614,000000,151.9489553,152.6275266,147.7040580,148.6887517,4673
20160615,000000,149.3316088,151.3060982,148.7397721,148.8367109,4384
20160616,000000,148.5101803,148.7142619,146.0050787,148.6020170,4672
20160617,000000,148.6326293,150.0714046,148.1020171,148.9999762,4697
20160620,000000,149.1836496,153.1071184,149.1836496,149.9540576,4682
20160621,000000,149.9999760,151.0612003,149.1887516,150.7754861,4593
20160622,000000,150.7856902,152.4642613,150.2703841,150.3520168,4679
20160623,000000,150.5969147,154.5101794,150.5969147,154.5101794,4687
20160624,000000,154.3060978,154.3060978,143.9846708,144.0050790,4639
20160627,000000,143.8214056,143.8214056,137.2754882,138.1581412,4643
20160628,000000,138.6377329,142.6938547,138.6377329,142.5969160,4695
20160629,000000,143.0816098,146.4744664,143.0816098,146.4540582,4699
20160630,000000,146.9489561,148.5254864,145.8979358,148.4795681,4706
20160701,000000,148.3520171,148.3571191,146.3520174,146.9999765,4688
20160705,000000,146.6734459,146.6734459,142.1275283,143.0663036,4636
20160706,000000,142.8673241,144.4336504,140.9795693,144.3009973,4683
20160707,000000,144.3112014,146.7091602,144.3112014,145.3214053,4697
20160708,000000,145.6938542,148.8469150,145.6938542,147.9285478,4686
20160711,000000,147.9897722,150.1275270,147.9897722,149.0254864,4685
20160712,000000,149.3367108,152.0203838,149.3367108,151.5816084,4691
